USERID,DATE,START_TIME,END_TIME
sd13519,2019-02-04,1:10:47 PM,2:33:39 PM
sd13519,2019-02-04,2:34:46 PM,2:38:01 PM
sd13519,2019-02-04,4:13:12 PM,4:13:45 PM
sd13519,2019-02-04,4:13:12 PM,4:13:45 PM
sd13519,2019-02-04,4:13:12 PM,4:13:45 PM
sd13519,2019-02-04,4:13:59 PM,4:14:21 PM
sd13519,2019-02-05,4:15:05 PM,4:16:07 PM
sd13519,2019-02-05,4:16:24 PM,4:17:03 PM
sd13519,2019-02-05,4:17:34 PM,4:20:41 PM
sd13519,2019-02-05,4:26:15 PM,4:26:16 PM
sd13519,2019-02-05,4:26:33 PM,4:35:23 PM
sd13519,2019-02-05,4:35:34 PM,9:35:30 PM
sd13519,2019-02-06,12:37:53 PM,12:38:27 PM
sd13519,2019-02-06,12:38:38 PM,12:39:14 PM
sd13519,2019-02-06,12:39:24 PM,12:45:11 PM
sd13519,2019-02-06,12:49:22 PM,12:49:48 PM
sd13519,2019-02-06,1:01:24 PM,1:02:22 PM
sd13519,2019-02-06,1:02:32 PM,1:02:53 PM
sd13519,2019-02-06,1:03:02 PM,1:03:23 PM
sd13519,2019-02-07,10:05:03 AM,10:52:47 AM
sd13519,2019-02-07,10:55:11 AM,12:05:58 PM
sd13519,2019-02-07,12:06:15 PM,3:43:28 PM
sd13519,2019-02-07,3:48:17 PM,3:54:26 PM
sd13519,2019-02-07,5:31:32 PM,5:35:19 PM
sd13519,2019-02-07,5:38:42 PM,5:40:09 PM
sd13519,2019-02-08,4:44:22 PM,4:44:45 PM
sd13519,2019-02-08,4:59:23 PM,5:22:17 PM
sd13519,2019-02-08,4:59:23 PM,5:22:17 PM
sd13519,2019-02-08,4:59:23 PM,5:22:17 PM
sd13519,2019-02-08,5:23:37 PM,5:24:13 PM
sd13519,2019-02-08,5:42:33 PM,5:42:58 PM
sd13519,2019-02-08,5:43:10 PM,5:44:07 PM
sd13519,2019-02-08,5:44:21 PM,5:45:29 PM
sd13519,2019-02-08,5:45:44 PM,5:45:53 PM
sd13519,2019-02-08,5:46:16 PM,5:46:50 PM
sd13519,2019-02-08,5:47:10 PM,5:47:19 PM
sd13519,2019-02-08,5:48:31 PM,5:51:01 PM
sd13519,2019-02-08,5:51:27 PM,5:51:46 PM
sd13519,2019-02-08,5:52:54 PM,5:53:55 PM
sd13519,2019-02-08,5:54:44 PM,5:55:02 PM
sd13519,2019-02-08,5:55:49 PM,5:56:12 PM
sd13519,2019-02-08,5:57:12 PM,5:57:41 PM
sd13519,2019-02-11,10:47:26 AM,10:48:05 AM
sd13519,2019-02-11,10:48:35 AM,10:48:52 AM
sd13519,2019-02-11,1:42:07 PM,1:42:19 PM
sd13519,2019-02-11,1:44:28 PM,1:45:45 PM
sd13519,2019-02-11,1:45:56 PM,1:47:09 PM
sd13519,2019-02-11,1:47:22 PM,2:12:02 PM
sd13519,2019-02-11,2:12:15 PM,2:13:26 PM
sd13519,2019-02-11,3:05:26 PM,3:06:19 PM
sd13519,2019-02-11,3:06:31 PM,3:06:59 PM
sd13519,2019-02-11,3:07:11 PM,3:07:24 PM
sd13519,2019-02-11,3:10:27 PM,3:11:11 PM
sd13519,2019-02-11,5:30:23 PM,5:30:54 PM
sd13519,2019-02-11,5:31:10 PM,5:33:57 PM
sd13519,2019-02-11,5:38:29 PM,5:39:02 PM
sd13519,2019-02-11,6:25:12 PM,6:25:31 PM
sd13519,2019-02-12,12:03:22 PM,12:03:29 PM
sd13519,2019-02-12,12:04:55 PM,12:05:01 PM
sd13519,2019-02-12,12:51:44 PM,12:53:50 PM
sd13519,2019-02-12,4:41:10 PM,4:41:10 PM
sd13519,2019-02-12,4:41:10 PM,4:41:10 PM
sd13519,2019-02-12,4:42:27 PM,4:42:36 PM
sd13519,2019-02-12,4:42:27 PM,4:42:36 PM
sd13519,2019-02-12,4:45:57 PM,4:46:05 PM
sd13519,2019-02-12,7:48:51 PM,7:51:27 PM
sd13519,2019-02-12,7:55:02 PM,7:56:04 PM
sd13519,2019-02-12,8:09:27 PM,8:15:42 PM
sd13519,2019-02-13,11:57:27 AM,12:10:01 PM
sd13519,2019-02-13,12:14:11 PM,12:14:11 PM
sd13519,2019-02-13,12:14:11 PM,12:14:11 PM
sd13519,2019-02-13,12:14:35 PM,12:21:52 PM
sd13519,2019-02-13,12:48:46 PM,12:53:38 PM
sd13519,2019-02-13,12:53:56 PM,1:32:02 PM
sd13519,2019-02-13,1:32:29 PM,2:13:56 PM
sd13519,2019-02-13,2:19:26 PM,3:09:26 PM
sd13519,2019-02-13,2:19:26 PM,3:09:26 PM
sd13519,2019-02-13,2:19:26 PM,3:09:26 PM
sd13519,2019-02-13,3:09:47 PM,3:12:48 PM
sd13519,2019-02-13,3:14:25 PM,3:15:01 PM
sd13519,2019-02-13,3:14:25 PM,3:15:01 PM
sd13519,2019-02-13,3:22:31 PM,3:22:54 PM
sd13519,2019-02-13,3:24:59 PM,3:25:18 PM
sd13519,2019-02-13,3:24:59 PM,3:25:18 PM
sd13519,2019-02-13,3:44:19 PM,3:44:50 PM
sd13519,2019-02-13,3:44:19 PM,3:44:50 PM
sd13519,2019-02-13,3:44:19 PM,3:44:50 PM
sd13519,2019-02-13,3:44:19 PM,3:44:51 PM
sd13519,2019-02-13,3:44:19 PM,3:44:51 PM
sd13519,2019-02-13,3:45:28 PM,3:45:51 PM
sd13519,2019-02-13,3:46:28 PM,3:48:44 PM
sd13519,2019-02-13,3:49:47 PM,3:50:43 PM
sd13519,2019-02-13,3:49:47 PM,3:50:43 PM
sd13519,2019-02-13,7:32:49 PM,7:33:16 PM
sd13519,2019-02-13,7:32:49 PM,7:33:16 PM
sd13519,2019-02-14,9:12:09 AM,9:18:57 AM
sd13519,2019-02-14,9:20:29 AM,9:21:11 AM
sd13519,2019-02-14,9:20:29 AM,9:21:11 AM
sd13519,2019-02-14,9:21:39 AM,9:22:09 AM
sd13519,2019-02-14,9:22:23 AM,9:22:33 AM
sd13519,2019-02-14,9:24:06 AM,9:24:32 AM
sd13519,2019-02-14,10:05:28 AM,10:07:28 AM
sd13519,2019-02-14,10:05:28 AM,10:07:28 AM
sd13519,2019-02-14,10:07:41 AM,10:07:56 AM
sd13519,2019-02-14,10:09:32 AM,10:22:23 AM
sd13519,2019-02-14,10:22:43 AM,11:00:36 AM
sd13519,2019-02-14,11:05:28 AM,11:05:47 AM
sd13519,2019-02-14,11:06:13 AM,11:07:00 AM
sd13519,2019-02-14,11:14:32 AM,11:14:45 AM
sd13519,2019-02-14,11:16:11 AM,11:31:39 AM
sd13519,2019-02-14,11:31:56 AM,11:32:28 AM
sd13519,2019-02-14,11:32:42 AM,11:40:38 AM
sd13519,2019-02-14,11:40:51 AM,11:41:33 AM
sd13519,2019-02-14,11:41:45 AM,11:42:04 AM
sd13519,2019-02-14,11:45:38 AM,11:47:10 AM
sd13519,2019-02-14,11:45:38 AM,11:47:10 AM
sd13519,2019-02-14,11:45:38 AM,11:47:10 AM
sd13519,2019-02-14,11:52:17 AM,11:53:01 AM
sd13519,2019-02-14,11:52:17 AM,11:53:01 AM
sd13519,2019-02-14,11:52:17 AM,11:53:01 AM
sd13519,2019-02-14,11:57:53 AM,11:58:04 AM
sd13519,2019-02-14,12:32:49 PM,12:33:48 PM
sd13519,2019-02-14,12:32:49 PM,12:33:48 PM
sd13519,2019-02-14,12:35:41 PM,12:36:06 PM
sd13519,2019-02-14,12:35:41 PM,12:36:06 PM
sd13519,2019-02-14,1:03:53 PM,1:07:02 PM
sd13519,2019-02-14,1:03:53 PM,1:07:02 PM
sd13519,2019-02-14,1:09:07 PM,1:10:44 PM
sd13519,2019-02-14,1:23:34 PM,1:32:24 PM
sd13519,2019-02-14,1:23:34 PM,1:32:24 PM
sd13519,2019-02-14,1:55:31 PM,3:59:23 PM
sd13519,2019-02-14,1:55:31 PM,3:59:23 PM
sd13519,2019-02-14,1:55:31 PM,3:59:23 PM
sd13519,2019-02-14,1:55:31 PM,3:59:23 PM
sd13519,2019-02-14,5:16:27 PM,5:18:32 PM
sd13519,2019-02-14,5:18:52 PM,5:19:40 PM
sd13519,2019-02-14,5:55:38 PM,5:56:27 PM
sd13519,2019-02-15,7:20:35 PM,9:40:06 AM
sd13519,2019-02-18,3:38:34 PM,4:37:08 PM
sd13519,2019-02-18,4:37:28 PM,4:37:49 PM
sd13519,2019-02-18,4:39:13 PM,4:39:44 PM
sd13519,2019-02-18,4:40:03 PM,4:46:23 PM
sd13519,2019-02-18,4:47:25 PM,4:48:22 PM
sd13519,2019-02-18,4:48:41 PM,4:51:24 PM
sd13519,2019-02-18,6:17:42 PM,10:14:01 AM
sd13519,2019-02-19,5:56:48 PM,7:17:51 PM
sd13519,2019-02-20,10:38:58 AM,10:40:36 AM
sd13519,2019-02-20,10:41:03 AM,10:41:29 AM
sd13519,2019-02-20,10:48:21 AM,11:01:24 AM
sd13519,2019-02-20,3:55:27 PM,3:55:35 PM
sd13519,2019-02-20,3:56:56 PM,4:33:45 PM
sd13519,2019-02-20,5:01:30 PM,5:04:37 PM
sd13519,2019-02-20,5:04:52 PM,5:05:40 PM
sd13519,2019-02-20,5:05:55 PM,5:07:07 PM
sd13519,2019-02-20,5:07:22 PM,5:56:58 PM
sd13519,2019-02-20,6:37:35 PM,6:48:46 PM
sd13519,2019-02-20,6:49:04 PM,6:50:01 PM
sd13519,2019-02-20,6:50:16 PM,9:02:20 PM
sd13519,2019-02-21,10:52:59 AM,10:55:59 AM
sd13519,2019-02-21,10:56:15 AM,11:00:43 AM
sd13519,2019-02-21,11:32:33 AM,11:33:17 AM
sd13519,2019-02-21,11:33:33 AM,11:34:19 AM
sd13519,2019-02-21,12:12:33 PM,12:23:20 PM
sd13519,2019-02-21,12:25:52 PM,12:26:18 PM
sd13519,2019-02-21,12:33:09 PM,12:33:25 PM
sd13519,2019-02-21,12:33:09 PM,12:33:25 PM
sd13519,2019-02-21,1:26:46 PM,1:27:45 PM
sd13519,2019-02-21,1:28:01 PM,1:28:53 PM
sd13519,2019-02-21,1:29:09 PM,1:30:23 PM
sd13519,2019-02-21,1:30:39 PM,1:32:03 PM
sd13519,2019-02-21,1:32:22 PM,1:38:04 PM
sd13519,2019-02-21,1:43:05 PM,1:43:51 PM
sd13519,2019-02-21,1:44:07 PM,1:48:26 PM
sd13519,2019-02-21,2:35:11 PM,2:36:37 PM
sd13519,2019-02-21,2:35:11 PM,2:36:37 PM
sd13519,2019-02-21,2:38:12 PM,2:39:08 PM
sd13519,2019-02-21,2:42:29 PM,2:42:31 PM
sd13519,2019-02-21,2:42:29 PM,2:42:31 PM
sd13519,2019-02-21,2:42:52 PM,2:46:17 PM
sd13519,2019-02-21,2:46:31 PM,2:46:55 PM
sd13519,2019-02-21,5:22:10 PM,5:27:12 PM
sd13519,2019-02-27,6:53:52 PM,7:08:19 PM
sd13519,2019-02-28,4:47:40 PM,5:04:45 PM
sd13519,2019-02-28,5:05:05 PM,5:07:29 PM
sd13519,2019-02-28,5:07:44 PM,5:12:36 PM
sd13519,2019-02-28,6:04:39 PM,6:58:37 PM
sd13519,2019-02-28,6:04:39 PM,6:58:37 PM
sd13519,2019-02-28,7:14:43 PM,7:14:44 PM
sd13519,2019-02-28,7:14:43 PM,7:14:45 PM
sd13519,2019-02-28,7:14:43 PM,7:14:45 PM
sd13519,2019-02-28,7:14:43 PM,7:14:45 PM
sd13519,2019-02-28,7:14:43 PM,7:14:45 PM
sd13519,2019-02-28,7:18:05 PM,10:48:40 AM
sd13519,2019-02-28,7:18:05 PM,10:48:40 AM
sd13519,2019-02-28,7:18:05 PM,10:48:40 AM
sd13519,2019-03-06,9:39:49 AM,9:41:21 AM
sd13519,2019-03-06,9:44:04 AM,9:47:17 AM
sd13519,2019-03-06,9:47:52 AM,12:40:06 PM
sd13519,2019-03-06,3:45:00 PM,4:20:51 PM
sd13519,2019-03-07,12:45:08 PM,12:46:28 PM
sd13519,2019-03-07,3:16:03 PM,3:17:09 PM
sd13519,2019-03-07,3:16:03 PM,3:17:09 PM
sd13519,2019-03-07,3:21:55 PM,3:44:47 PM
sd13519,2019-03-07,6:27:44 PM,6:37:27 PM
sd13519,2019-03-07,7:05:27 PM,7:08:55 PM
sd13519,2019-03-08,9:49:58 AM,10:36:23 AM
sd13519,2019-03-08,10:36:43 AM,11:39:37 AM
sd13519,2019-03-08,3:46:52 PM,7:29:03 PM
sd13519,2019-03-11,7:57:51 PM,8:24:52 PM
sd13519,2019-03-12,3:43:15 PM,3:58:39 PM
sd13519,2019-03-15,11:06:04 AM,11:38:04 AM
sd13519,2019-03-16,2:05:22 PM,2:05:22 PM
sd13519,2019-03-16,2:05:22 PM,2:05:22 PM
sd13519,2019-03-16,2:05:22 PM,2:05:22 PM
sd13519,2019-03-16,2:05:22 PM,2:05:22 PM
sd13519,2019-03-16,2:05:22 PM,2:05:23 PM
sd13519,2019-03-16,2:05:22 PM,2:05:23 PM
sd13519,2019-03-16,2:05:42 PM,2:06:14 PM
sd13519,2019-03-16,2:09:32 PM,8:24:56 PM
sd13519,2019-03-16,2:09:32 PM,8:24:56 PM
sd13519,2019-03-16,2:09:32 PM,8:24:56 PM
sd13519,2019-03-18,10:25:45 AM,10:25:46 AM
sd13519,2019-03-18,10:25:45 AM,10:25:46 AM
sd13519,2019-03-18,10:40:09 AM,10:40:34 AM
sd13519,2019-03-18,10:40:09 AM,10:40:34 AM
sd13519,2019-03-18,1:50:27 PM,1:56:39 PM
sd13519,2019-03-18,2:13:34 PM,2:15:17 PM
sd13519,2019-03-18,2:15:36 PM,2:43:57 PM
sd13519,2019-03-18,2:44:10 PM,3:01:33 PM
sd13519,2019-03-18,5:51:08 PM,5:54:17 PM
sd13519,2019-03-19,12:13:06 PM,12:13:07 PM
sd13519,2019-03-19,12:13:06 PM,12:13:07 PM
sd13519,2019-03-19,1:06:01 PM,1:06:01 PM
sd13519,2019-03-19,1:06:01 PM,1:06:01 PM
sd13519,2019-03-19,1:09:46 PM,1:09:59 PM
sd13519,2019-03-19,1:09:46 PM,1:09:59 PM
sd13519,2019-03-19,1:09:46 PM,1:09:59 PM
sd13519,2019-03-19,1:24:37 PM,3:52:50 PM
sd13519,2019-03-19,4:56:57 PM,4:58:31 PM
sd13519,2019-03-19,5:00:10 PM,5:00:30 PM
sd13519,2019-03-19,5:00:10 PM,5:00:30 PM
sd13519,2019-03-19,5:33:15 PM,5:33:30 PM
sd13519,2019-03-19,5:33:15 PM,5:33:31 PM
sd13519,2019-03-19,5:33:15 PM,5:33:31 PM
sd13519,2019-03-19,5:33:15 PM,5:33:31 PM
sd13519,2019-03-19,5:34:19 PM,5:34:30 PM
sd13519,2019-03-19,5:36:14 PM,6:15:12 PM
sd13519,2019-03-19,6:36:25 PM,6:36:44 PM
sd13519,2019-03-19,6:36:25 PM,6:36:44 PM
sd13519,2019-03-19,6:39:04 PM,6:39:18 PM
sd13519,2019-03-19,6:44:51 PM,6:44:58 PM
sd13519,2019-03-19,6:48:35 PM,6:49:45 PM
sd13519,2019-03-19,6:48:35 PM,6:49:45 PM
sd13519,2019-03-19,6:48:35 PM,6:49:45 PM
sd13519,2019-03-22,11:56:47 AM,11:56:47 AM
sd13519,2019-03-22,11:56:47 AM,11:56:48 AM
sd13519,2019-03-22,11:57:06 AM,12:06:21 PM
sd13519,2019-03-22,2:23:17 PM,2:23:37 PM
sd13519,2019-03-22,2:25:39 PM,2:31:59 PM
sd13519,2019-03-23,1:13:03 PM,1:22:29 PM
sd13519,2019-03-23,2:20:47 PM,2:22:54 PM
sd13519,2019-03-23,2:20:47 PM,2:22:55 PM
sd13519,2019-03-30,1:08:55 PM,1:12:29 PM
sd13519,2019-03-30,1:35:43 PM,1:36:21 PM
sd13519,2019-03-30,1:35:43 PM,1:36:21 PM
sd13519,2019-03-30,1:54:40 PM,1:54:41 PM
sd13519,2019-03-30,1:54:40 PM,1:54:41 PM
sd13519,2019-03-30,1:54:40 PM,1:54:41 PM
sd13519,2019-03-30,1:55:01 PM,2:00:08 PM
sd13519,2019-03-30,2:03:40 PM,2:04:13 PM
sd13519,2019-03-30,2:03:40 PM,2:04:13 PM
sd13519,2019-03-30,2:04:45 PM,2:06:40 PM
sd13519,2019-04-01,12:36:15 PM,12:42:04 PM
sd13519,2019-04-01,12:42:25 PM,12:43:28 PM
sd13519,2019-04-01,7:00:41 PM,7:08:37 PM
sd13519,2019-04-02,11:48:35 AM,11:49:52 AM
sd13519,2019-04-02,12:04:41 PM,12:11:52 PM
sd13519,2019-04-02,12:51:27 PM,1:01:06 PM
sd13519,2019-04-02,12:51:27 PM,1:01:06 PM
sd13519,2019-04-02,12:51:27 PM,1:01:06 PM
sd13519,2019-04-02,6:08:09 PM,9:14:19 AM
sd13519,2019-04-03,10:59:13 AM,11:00:00 AM
sd13519,2019-04-03,10:59:13 AM,11:00:00 AM
sd13519,2019-04-03,11:00:38 AM,11:35:38 AM
sd13519,2019-04-03,5:55:51 PM,6:02:24 PM
sd13519,2019-04-03,5:55:51 PM,6:02:24 PM
sd13519,2019-04-03,7:18:57 PM,7:55:42 PM
sd13519,2019-04-03,7:18:57 PM,7:55:42 PM
sd13519,2019-04-03,7:18:57 PM,7:55:42 PM
sd13519,2019-04-03,7:18:57 PM,7:55:42 PM
sd13519,2019-04-03,7:56:18 PM,8:17:13 PM
sd13519,2019-04-04,2:04:02 PM,3:41:26 PM
sd13519,2019-04-04,3:58:55 PM,4:00:10 PM
sd13519,2019-04-04,3:58:55 PM,4:00:10 PM
sd13519,2019-04-04,5:08:43 PM,6:36:32 PM
sd13519,2019-04-10,12:07:25 PM,1:38:08 PM
sd13519,2019-04-10,12:07:25 PM,1:38:08 PM
sd13519,2019-04-10,12:07:25 PM,1:38:08 PM
sd13519,2019-04-10,12:07:25 PM,1:38:08 PM
sd13519,2019-04-10,12:07:25 PM,1:38:08 PM
sd13519,2019-04-10,12:07:25 PM,1:38:08 PM
sd13519,2019-04-10,1:40:05 PM,2:01:54 PM
sd13519,2019-04-10,2:02:57 PM,2:05:54 PM
sd13519,2019-04-10,2:06:09 PM,2:07:27 PM
sd13519,2019-04-10,2:07:48 PM,2:35:34 PM
sd13519,2019-04-10,2:36:48 PM,3:09:56 PM
sd13519,2019-04-23,11:09:42 AM,11:24:11 AM
sd13519,2019-04-23,11:25:38 AM,12:18:51 PM
sd13519,2019-04-23,12:19:14 PM,12:21:25 PM
sd13519,2019-04-23,12:38:06 PM,1:33:54 PM
sd13519,2019-04-23,1:53:57 PM,1:54:09 PM
sd13519,2019-04-23,1:53:57 PM,1:54:09 PM
sd13519,2019-04-23,1:53:57 PM,1:54:09 PM
sd13519,2019-04-23,2:05:54 PM,2:47:33 PM
sd13519,2019-04-23,3:25:23 PM,4:20:52 PM
sd13519,2019-04-23,3:25:23 PM,4:20:52 PM
sd13519,2019-04-23,7:48:24 PM,7:49:52 PM
sd13519,2019-04-23,7:48:24 PM,7:49:52 PM
sd13519,2019-04-23,7:58:12 PM,11:38:45 AM
sd13519,2019-04-23,7:58:12 PM,11:38:46 AM
sd13519,2019-04-23,7:58:12 PM,11:38:46 AM
sd13519,2019-04-23,7:58:12 PM,11:38:46 AM
sd13519,2019-04-23,7:58:12 PM,11:38:46 AM
sd13519,2019-04-24,11:57:45 AM,11:57:45 AM
sd13519,2019-04-24,11:57:45 AM,11:57:45 AM
sd13519,2019-04-24,11:58:12 AM,1:16:37 PM
sd13519,2019-04-24,2:20:19 PM,2:20:41 PM
sd13519,2019-04-24,2:35:16 PM,2:35:17 PM
sd13519,2019-04-24,2:35:16 PM,2:35:17 PM
sd13519,2019-04-24,2:35:16 PM,2:35:17 PM
sd13519,2019-04-24,2:35:16 PM,2:35:17 PM
sd13519,2019-04-24,2:35:37 PM,2:55:43 PM
sd13519,2019-04-24,3:36:42 PM,4:59:57 PM
sd13519,2019-04-24,3:36:42 PM,4:59:57 PM
sd13519,2019-04-24,5:07:07 PM,5:11:23 PM
sd13519,2019-04-24,5:07:07 PM,5:11:24 PM
sd13519,2019-04-24,6:44:27 PM,6:46:35 PM
sd13519,2019-04-24,6:52:48 PM,6:52:52 PM
sd13519,2019-04-24,6:52:48 PM,6:52:52 PM
sd13519,2019-04-24,6:52:48 PM,6:52:52 PM
sd13519,2019-04-24,6:55:47 PM,6:56:15 PM
sd13519,2019-04-24,6:55:47 PM,6:56:15 PM
sd13519,2019-04-24,6:57:24 PM,7:01:19 PM
sd13519,2019-04-24,7:01:40 PM,7:03:58 PM
sd13519,2019-04-24,7:05:06 PM,7:06:23 PM
sd13519,2019-05-23,10:52:47 AM,11:03:57 AM
sd13519,2019-05-28,11:22:26 AM,11:22:39 AM
sd13519,2019-05-28,11:22:26 AM,11:22:39 AM
sd13519,2019-05-29,2:59:17 PM,3:25:52 PM
sd13519,2019-06-04,11:53:07 AM,12:00:53 PM
sd13519,2019-06-04,12:01:55 PM,1:06:13 PM
sd13519,2019-06-04,12:01:55 PM,1:06:13 PM
sd13519,2019-07-16,3:33:14 PM,4:12:07 PM
sd13519,2019-07-16,4:12:40 PM,4:51:29 PM
sd13519,2019-07-19,5:37:26 PM,10:33:38 AM
sd13519,2019-08-26,2:34:40 PM,2:34:40 PM
sd13519,2019-08-26,2:40:39 PM,6:18:22 PM
sd13519,2019-08-26,2:40:39 PM,6:18:22 PM
sd13519,2019-08-27,12:18:30 PM,6:47:35 PM
sd13519,2019-08-27,12:18:30 PM,6:47:35 PM
sd13519,2019-08-28,6:09:08 PM,7:02:23 PM
sd13519,2019-08-29,10:36:27 AM,10:38:55 AM
sd13519,2019-08-29,10:36:27 AM,10:38:55 AM
sd13519,2019-08-29,10:43:41 AM,10:43:56 AM
sd13519,2019-08-29,10:43:41 AM,10:43:56 AM
sd13519,2019-08-29,10:44:27 AM,5:53:26 PM
sd13519,2019-08-29,5:53:50 PM,6:31:26 PM
sd13519,2019-08-30,11:00:12 AM,11:03:06 AM
sd13519,2019-08-30,11:10:27 AM,1:10:52 PM
sd13519,2019-08-30,1:11:10 PM,1:11:55 PM
sd13519,2019-08-30,1:12:35 PM,1:12:53 PM
sd13519,2019-08-30,1:12:35 PM,1:12:53 PM
sd13519,2019-08-30,1:15:54 PM,2:37:17 PM
sd13519,2019-08-30,2:37:39 PM,3:08:54 PM
sd13519,2019-08-30,3:09:10 PM,3:11:54 PM
sd13519,2019-08-30,3:12:14 PM,3:13:22 PM
sd13519,2019-08-30,3:14:13 PM,3:14:43 PM
sd13519,2019-08-30,3:15:43 PM,3:20:12 PM
sd13519,2019-08-30,3:20:26 PM,3:24:45 PM
sd13519,2019-08-30,3:25:44 PM,3:26:03 PM
sd13519,2019-08-30,3:26:45 PM,3:45:44 PM
sd13519,2019-08-30,3:45:59 PM,3:46:39 PM
sd13519,2019-08-30,5:22:46 PM,5:30:51 PM
sd13519,2019-08-30,5:31:11 PM,6:01:57 PM
sd13519,2019-08-30,6:02:41 PM,6:03:29 PM
sd13519,2019-08-30,6:16:43 PM,6:23:40 PM
sd13519,2019-08-30,6:23:58 PM,6:29:27 PM
sd13519,2019-09-03,11:11:48 AM,11:23:59 AM
sd13519,2019-09-03,1:15:58 PM,1:19:13 PM
sd13519,2019-09-03,3:09:12 PM,3:10:47 PM
sd13519,2019-09-03,3:19:45 PM,3:21:06 PM
sd13519,2019-09-03,3:21:28 PM,4:12:04 PM
sd13519,2019-09-03,4:12:19 PM,5:09:54 PM
sd13519,2019-09-03,5:10:14 PM,5:10:35 PM
sd13519,2019-09-03,5:11:04 PM,5:11:19 PM
sd13519,2019-09-03,5:12:28 PM,5:12:54 PM
sd13519,2019-09-03,5:14:03 PM,5:14:17 PM
sd13519,2019-09-03,5:14:49 PM,7:04:10 PM
sd13519,2019-09-04,11:02:05 AM,11:36:31 AM
sd13519,2019-09-04,11:36:47 AM,11:37:01 AM
sd13519,2019-09-04,11:39:09 AM,11:43:40 AM
sd13519,2019-09-04,11:44:23 AM,12:37:49 PM
sd13519,2019-09-04,12:38:07 PM,12:38:54 PM
sd13519,2019-09-04,1:03:33 PM,1:07:27 PM
sd13519,2019-09-04,1:26:24 PM,4:06:38 PM
sd13519,2019-09-04,1:26:24 PM,4:06:38 PM
sd13519,2019-09-04,4:19:18 PM,4:26:18 PM
sd13519,2019-09-04,4:19:18 PM,4:26:18 PM
sd13519,2019-09-04,4:26:38 PM,4:42:04 PM
sd13519,2019-09-04,4:42:30 PM,4:45:00 PM
sd13519,2019-09-04,4:45:16 PM,4:49:43 PM
sd13519,2019-09-04,5:15:01 PM,6:48:48 PM
sd13519,2019-09-05,12:10:22 PM,12:41:09 PM
sd13519,2019-09-09,12:16:09 PM,12:26:05 PM
sd13519,2019-09-09,12:29:14 PM,12:29:22 PM
sd13519,2019-09-09,12:29:14 PM,12:29:22 PM
sd13519,2019-09-09,12:29:54 PM,12:30:15 PM
sd13519,2019-09-09,12:31:03 PM,6:30:03 PM
sd13519,2019-09-09,6:30:29 PM,6:31:36 PM
sd13519,2019-09-10,5:59:33 PM,6:44:21 PM
sd13519,2019-09-11,11:44:45 AM,12:41:37 PM
sd13519,2019-09-11,3:01:38 PM,6:29:34 PM
sd13519,2019-09-13,11:47:24 AM,11:53:50 AM
sd13519,2019-09-13,11:54:49 AM,11:59:34 AM
sd13519,2019-09-13,11:59:52 AM,12:01:21 PM
sd13519,2019-09-13,12:01:35 PM,12:02:50 PM
sd13519,2019-09-13,12:03:06 PM,12:04:59 PM
sd13519,2019-09-13,12:05:15 PM,12:07:30 PM
sd13519,2019-09-13,12:07:46 PM,12:09:19 PM
sd13519,2019-09-13,1:24:55 PM,1:32:48 PM
sd13519,2019-09-13,1:36:16 PM,1:40:31 PM
sd13519,2019-09-13,1:44:41 PM,1:46:41 PM
sd13519,2019-09-13,1:46:56 PM,1:51:02 PM
sd13519,2019-09-13,1:51:59 PM,1:54:04 PM
sd13519,2019-09-13,1:54:28 PM,1:58:34 PM
sd13519,2019-09-13,1:58:50 PM,2:02:12 PM
sd13519,2019-09-13,2:02:31 PM,2:03:25 PM
sd13519,2019-09-13,2:05:51 PM,2:15:13 PM
sd13519,2019-09-13,2:17:05 PM,2:19:01 PM
sd13519,2019-09-13,2:19:34 PM,2:21:26 PM
sd13519,2019-09-13,2:22:18 PM,2:23:34 PM
sd13519,2019-09-13,2:23:48 PM,2:25:31 PM
sd13519,2019-09-13,2:25:45 PM,2:27:00 PM
sd13519,2019-09-13,2:28:15 PM,2:31:59 PM
sd13519,2019-09-13,2:33:14 PM,2:33:58 PM
sd13519,2019-09-13,2:33:14 PM,2:33:58 PM
sd13519,2019-09-13,2:34:18 PM,2:36:22 PM
sd13519,2019-09-13,2:36:38 PM,2:38:03 PM
sd13519,2019-09-13,2:38:16 PM,2:38:49 PM
sd13519,2019-09-13,2:39:47 PM,2:41:27 PM
sd13519,2019-09-13,2:41:41 PM,2:42:59 PM
sd13519,2019-09-13,2:43:13 PM,2:45:34 PM
sd13519,2019-09-13,2:45:52 PM,2:47:32 PM
sd13519,2019-09-13,2:47:48 PM,2:48:25 PM
sd13519,2019-09-13,2:50:00 PM,2:50:00 PM
sd13519,2019-09-13,2:50:00 PM,2:50:01 PM
sd13519,2019-09-13,2:50:24 PM,2:51:32 PM
sd13519,2019-09-13,2:52:19 PM,2:53:09 PM
sd13519,2019-09-13,2:53:22 PM,3:56:35 PM
sd13519,2019-09-13,3:57:50 PM,4:00:40 PM
sd13519,2019-09-13,4:01:04 PM,4:08:43 PM
sd13519,2019-09-13,4:17:07 PM,4:41:44 PM
sd13519,2019-09-13,5:21:46 PM,5:26:10 PM
sd13519,2019-09-13,5:26:32 PM,5:28:39 PM
sd13519,2019-09-13,5:28:55 PM,5:31:08 PM
sd13519,2019-09-13,5:31:28 PM,5:55:56 PM
sd13519,2019-09-13,5:56:11 PM,5:59:08 PM
sd13519,2019-09-13,6:00:07 PM,6:07:03 PM
sd13519,2019-09-13,6:07:19 PM,6:12:19 PM
sd13519,2019-09-13,6:12:37 PM,6:16:05 PM
sd13519,2019-09-13,6:16:23 PM,6:19:02 PM
sd13519,2019-09-13,6:19:26 PM,7:37:06 PM
sd13519,2019-09-16,10:50:51 AM,3:37:10 PM
sd13519,2019-09-16,3:37:26 PM,3:37:56 PM
sd13519,2019-09-16,3:38:41 PM,3:39:17 PM
sd13519,2019-09-16,3:39:44 PM,3:40:12 PM
sd13519,2019-09-16,3:41:27 PM,3:43:39 PM
sd13519,2019-09-16,3:43:55 PM,3:44:35 PM
sd13519,2019-09-16,3:45:33 PM,3:45:33 PM
sd13519,2019-09-16,3:45:33 PM,3:45:34 PM
sd13519,2019-09-16,3:45:57 PM,3:46:33 PM
sd13519,2019-09-16,3:48:48 PM,3:49:07 PM
sd13519,2019-09-16,3:49:32 PM,3:51:20 PM
sd13519,2019-09-16,3:51:36 PM,3:51:59 PM
sd13519,2019-09-16,3:52:34 PM,3:52:50 PM
sd13519,2019-09-16,3:53:28 PM,3:56:25 PM
sd13519,2019-09-17,3:50:42 PM,4:35:42 PM
sd13519,2019-09-17,4:36:01 PM,4:37:40 PM
sd13519,2019-09-17,4:44:40 PM,4:55:12 PM
sd13519,2019-09-17,4:55:32 PM,5:21:54 PM
sd13519,2019-09-17,5:22:13 PM,5:22:14 PM
sd13519,2019-09-17,5:26:30 PM,5:36:57 PM
sd13519,2019-09-17,5:37:14 PM,5:37:14 PM
sd13519,2019-09-17,6:17:51 PM,6:23:32 PM
sd13519,2019-09-17,6:23:51 PM,6:25:30 PM
sd13519,2019-09-17,6:28:51 PM,6:50:41 PM
sd13519,2019-09-18,12:00:11 PM,12:01:56 PM
sd13519,2019-09-18,12:02:17 PM,2:02:06 PM
sd13519,2019-09-18,2:02:31 PM,2:14:35 PM
sd13519,2019-09-19,11:36:02 AM,1:22:24 PM
sd13519,2019-09-19,1:22:40 PM,1:22:51 PM
sd13519,2019-09-19,1:28:16 PM,1:28:31 PM
sd13519,2019-09-19,1:35:05 PM,1:35:15 PM
sd13519,2019-09-19,1:36:06 PM,1:44:59 PM
sd13519,2019-09-19,1:45:15 PM,2:18:34 PM
sd13519,2019-09-19,3:56:55 PM,6:07:01 PM
sd13519,2019-09-19,6:07:18 PM,6:14:57 PM
sd13519,2019-09-19,6:15:22 PM,6:16:31 PM
sd13519,2019-09-19,6:16:48 PM,6:16:48 PM
sd13519,2019-09-19,6:17:36 PM,6:25:55 PM
sd13519,2019-09-19,6:26:12 PM,6:41:43 PM
sd13519,2019-09-20,11:23:26 AM,11:32:05 AM
sd13519,2019-09-20,11:36:35 AM,11:37:24 AM
sd13519,2019-09-20,11:51:21 AM,11:52:55 AM
sd13519,2019-09-20,11:53:09 AM,12:37:28 PM
sd13519,2019-09-20,12:37:45 PM,12:39:03 PM
sd13519,2019-09-20,12:39:21 PM,12:44:20 PM
sd13519,2019-09-20,12:44:52 PM,1:00:12 PM
sd13519,2019-09-20,1:00:25 PM,1:17:57 PM
sd13519,2019-09-20,1:18:12 PM,1:25:50 PM
sd13519,2019-09-20,1:26:05 PM,1:30:34 PM
v0mg1uf,2019-09-20,3:31:07 PM,3:36:07 PM
v0mg1uf,2019-09-20,3:41:44 PM,3:42:00 PM
v0mg1uf,2019-09-20,3:43:04 PM,4:00:35 PM
v0mg1uf,2019-09-20,4:01:11 PM,4:02:30 PM
v0mg1uf,2019-09-20,4:08:31 PM,4:36:23 PM
v0mg1uf,2019-09-20,4:36:50 PM,4:38:24 PM
v0mg1uf,2019-09-20,4:38:39 PM,6:01:10 PM
v0mg1uf,2019-09-23,10:35:36 AM,11:45:17 AM
v0mg1uf,2019-09-23,12:34:07 PM,12:35:15 PM
v0mg1uf,2019-09-23,12:35:33 PM,12:36:27 PM
v0mg1uf,2019-09-23,12:36:48 PM,12:39:23 PM
v0mg1uf,2019-09-23,12:39:43 PM,12:47:16 PM
v0mg1uf,2019-09-23,3:11:28 PM,3:34:58 PM
v0mg1uf,2019-09-23,3:35:17 PM,4:27:17 PM
v0mg1uf,2019-09-23,4:27:31 PM,4:39:41 PM
v0mg1uf,2019-09-23,4:40:41 PM,6:24:21 PM
v0mg1uf,2019-09-23,6:27:09 PM,6:31:59 PM
v0mg1uf,2019-09-23,6:35:43 PM,10:42:25 AM
v0mg1uf,2019-09-24,10:44:41 AM,10:58:03 AM
v0mg1uf,2019-09-24,10:58:58 AM,11:22:56 AM
v0mg1uf,2019-09-24,11:23:11 AM,11:29:27 AM
v0mg1uf,2019-09-24,11:29:45 AM,11:37:05 AM
v0mg1uf,2019-09-24,11:37:20 AM,11:40:00 AM
v0mg1uf,2019-09-24,11:46:55 AM,11:53:56 AM
v0mg1uf,2019-09-24,12:31:02 PM,2:46:26 PM
v0mg1uf,2019-09-24,2:47:05 PM,3:17:07 PM
v0mg1uf,2019-09-24,3:17:22 PM,3:28:02 PM
v0mg1uf,2019-09-24,3:28:17 PM,3:42:34 PM
v0mg1uf,2019-09-24,3:54:42 PM,3:54:46 PM
v0mg1uf,2019-09-24,3:54:42 PM,3:54:46 PM
v0mg1uf,2019-09-24,3:55:07 PM,3:58:48 PM
v0mg1uf,2019-09-24,3:59:13 PM,4:00:20 PM
v0mg1uf,2019-09-24,4:00:40 PM,4:15:57 PM
v0mg1uf,2019-09-24,4:16:15 PM,4:20:26 PM
v0mg1uf,2019-09-24,4:22:17 PM,4:29:56 PM
v0mg1uf,2019-09-24,4:32:03 PM,4:35:54 PM
v0mg1uf,2019-09-24,4:36:10 PM,4:42:59 PM
v0mg1uf,2019-09-24,4:43:20 PM,4:46:53 PM
v0mg1uf,2019-09-24,4:47:09 PM,12:06:57 PM
v0mg1uf,2019-09-25,12:07:22 PM,12:20:30 PM
v0mg1uf,2019-09-25,12:20:47 PM,12:34:12 PM
v0mg1uf,2019-09-25,12:35:12 PM,12:48:56 PM
v0mg1uf,2019-09-25,12:49:31 PM,12:50:17 PM
v0mg1uf,2019-09-25,12:50:39 PM,12:54:00 PM
v0mg1uf,2019-09-25,12:54:15 PM,1:03:19 PM
v0mg1uf,2019-09-25,1:03:35 PM,1:16:16 PM
v0mg1uf,2019-09-25,1:49:51 PM,6:01:23 PM
v0mg1uf,2019-09-25,6:02:29 PM,6:39:15 PM
v0mg1uf,2019-09-26,9:48:22 AM,11:20:30 AM
v0mg1uf,2019-09-26,11:22:08 AM,11:31:22 AM
v0mg1uf,2019-09-27,3:59:51 PM,3:59:58 PM
v0mg1uf,2019-09-27,4:18:45 PM,4:24:25 PM
v0mg1uf,2019-09-27,4:24:44 PM,4:48:20 PM
v0mg1uf,2019-09-27,4:48:43 PM,4:50:43 PM
v0mg1uf,2019-09-27,4:51:29 PM,4:55:40 PM
v0mg1uf,2019-09-27,4:55:54 PM,5:01:35 PM
v0mg1uf,2019-09-27,5:01:50 PM,5:03:54 PM
v0mg1uf,2019-09-27,5:04:10 PM,5:07:09 PM
v0mg1uf,2019-09-27,5:07:39 PM,5:09:03 PM
v0mg1uf,2019-09-27,5:09:25 PM,6:59:55 PM
v0mg1uf,2019-09-27,7:00:11 PM,7:07:41 PM
v0mg1uf,2019-09-30,11:29:36 AM,11:32:45 AM
v0mg1uf,2019-09-30,11:33:21 AM,11:36:35 AM
v0mg1uf,2019-09-30,11:36:50 AM,11:41:38 AM
v0mg1uf,2019-09-30,11:41:55 AM,11:47:13 AM
v0mg1uf,2019-09-30,11:47:29 AM,11:47:29 AM
v0mg1uf,2019-09-30,11:48:49 AM,12:04:43 PM
v0mg1uf,2019-09-30,4:25:48 PM,4:39:52 PM
v0mg1uf,2019-09-30,4:40:18 PM,4:41:34 PM
v0mg1uf,2019-09-30,5:09:53 PM,5:35:40 PM
v0mg1uf,2019-09-30,5:36:05 PM,5:43:04 PM
v0mg1uf,2019-09-30,5:43:26 PM,6:00:45 PM
v0mg1uf,2019-09-30,6:41:01 PM,6:45:57 PM
v0mg1uf,2019-09-30,6:46:31 PM,6:47:03 PM
v0mg1uf,2019-09-30,6:47:18 PM,7:00:26 PM
v0mg1uf,2019-10-01,10:44:59 AM,11:06:00 AM
v0mg1uf,2019-10-01,3:41:26 PM,4:28:35 PM
v0mg1uf,2019-10-01,4:29:20 PM,4:38:25 PM
v0mg1uf,2019-10-01,4:38:53 PM,4:39:36 PM
v0mg1uf,2019-10-01,4:41:21 PM,4:49:25 PM
v0mg1uf,2019-10-01,4:50:57 PM,5:05:46 PM
v0mg1uf,2019-10-04,2:23:02 PM,4:17:32 PM
v0mg1uf,2019-10-04,4:18:29 PM,4:29:29 PM
v0mg1uf,2019-10-04,6:04:57 PM,6:08:25 PM
v0mg1uf,2019-10-04,6:08:40 PM,6:18:42 PM
v0mg1uf,2019-10-04,6:29:17 PM,7:12:45 PM
v0mg1uf,2019-10-10,4:57:04 PM,5:02:05 PM
v0mg1uf,2019-10-10,5:07:48 PM,5:08:23 PM
v0mg1uf,2019-10-10,5:08:25 PM,5:10:50 PM
v0mg1uf,2019-10-10,5:11:29 PM,5:12:18 PM
v0mg1uf,2019-10-10,5:20:20 PM,5:22:49 PM
v0mg1uf,2019-10-10,5:22:52 PM,5:23:06 PM
v0mg1uf,2019-10-10,5:24:40 PM,5:24:49 PM
v0mg1uf,2019-10-10,5:25:05 PM,5:25:36 PM
v0mg1uf,2019-10-10,5:25:39 PM,5:25:44 PM
v0mg1uf,2019-10-10,5:27:00 PM,5:27:12 PM
v0mg1uf,2019-10-10,5:29:59 PM,5:30:13 PM
v0mg1uf,2019-10-10,5:31:59 PM,5:32:06 PM
v0mg1uf,2019-10-10,5:31:59 PM,5:32:06 PM
v0mg1uf,2019-10-10,5:33:17 PM,5:33:51 PM
v0mg1uf,2019-10-10,5:33:54 PM,5:39:11 PM
v0mg1uf,2019-10-10,5:39:35 PM,5:41:52 PM
v0mg1uf,2019-10-10,5:42:16 PM,5:48:12 PM
v0mg1uf,2019-10-10,5:48:28 PM,5:51:49 PM
v0mg1uf,2019-10-10,5:51:59 PM,5:53:55 PM
v0mg1uf,2019-10-10,5:54:02 PM,5:55:23 PM
v0mg1uf,2019-10-10,5:55:27 PM,5:57:45 PM
v0mg1uf,2019-10-10,5:57:48 PM,6:01:27 PM
v0mg1uf,2019-10-10,6:01:37 PM,6:02:10 PM
v0mg1uf,2019-10-10,6:02:24 PM,6:02:43 PM
v0mg1uf,2019-10-10,6:03:43 PM,6:06:33 PM
v0mg1uf,2019-10-10,6:06:42 PM,6:11:31 PM
v0mg1uf,2019-10-10,6:11:53 PM,6:12:51 PM
v0mg1uf,2019-10-10,6:12:57 PM,6:16:39 PM
v0mg1uf,2019-10-10,6:16:44 PM,6:18:30 PM
v0mg1uf,2019-10-10,6:19:26 PM,6:41:03 PM
v0mg1uf,2019-10-11,11:35:04 AM,11:46:47 AM
v0mg1uf,2019-10-11,11:51:21 AM,11:55:50 AM
v0mg1uf,2019-10-11,2:26:15 PM,2:27:18 PM
v0mg1uf,2019-10-11,2:27:21 PM,2:29:19 PM
v0mg1uf,2019-10-11,2:40:47 PM,2:47:45 PM
v0mg1uf,2019-10-11,2:48:44 PM,2:50:05 PM
v0mg1uf,2019-10-11,2:50:46 PM,2:55:06 PM
v0mg1uf,2019-10-11,2:57:15 PM,2:57:31 PM
v0mg1uf,2019-10-11,2:57:51 PM,2:58:22 PM
v0mg1uf,2019-10-11,2:59:16 PM,2:59:23 PM
v0mg1uf,2019-10-11,3:00:43 PM,3:00:58 PM
v0mg1uf,2019-10-11,3:01:23 PM,3:01:41 PM
v0mg1uf,2019-10-11,3:02:36 PM,3:02:58 PM
v0mg1uf,2019-10-11,3:03:05 PM,3:03:19 PM
v0mg1uf,2019-10-11,3:04:33 PM,3:04:40 PM
v0mg1uf,2019-10-11,3:11:44 PM,3:12:41 PM
v0mg1uf,2019-10-11,3:22:23 PM,3:22:30 PM
v0mg1uf,2019-10-11,3:23:04 PM,3:23:04 PM
v0mg1uf,2019-10-11,3:23:16 PM,5:56:58 PM
v0mg1uf,2019-10-11,5:57:05 PM,6:03:49 PM
v0mg1uf,2019-10-11,6:05:36 PM,6:06:31 PM
v0mg1uf,2019-10-11,6:06:35 PM,6:12:08 PM
v0mg1uf,2019-10-11,6:12:12 PM,6:22:17 PM
v0mg1uf,2019-10-11,6:22:29 PM,6:22:39 PM
v0mg1uf,2019-10-11,6:23:39 PM,6:24:29 PM
v0mg1uf,2019-10-11,6:24:32 PM,6:25:49 PM
v0mg1uf,2019-10-11,6:26:04 PM,6:29:01 PM
v0mg1uf,2019-10-11,6:29:15 PM,6:32:41 PM
v0mg1uf,2019-10-11,6:33:25 PM,6:38:22 PM
v0mg1uf,2019-10-11,6:38:35 PM,6:42:42 PM
v0mg1uf,2019-10-11,6:42:47 PM,6:42:56 PM
v0mg1uf,2019-10-11,6:43:54 PM,6:46:32 PM
v0mg1uf,2019-10-11,6:46:42 PM,6:47:19 PM
v0mg1uf,2019-10-11,6:47:38 PM,6:47:56 PM
v0mg1uf,2019-10-14,3:21:10 PM,3:24:39 PM
v0mg1uf,2019-10-14,3:35:50 PM,3:36:31 PM
v0mg1uf,2019-10-14,3:49:39 PM,3:52:07 PM
v0mg1uf,2019-10-14,4:15:12 PM,4:15:28 PM
v0mg1uf,2019-10-14,4:19:25 PM,4:19:31 PM
v0mg1uf,2019-10-14,4:53:45 PM,4:54:12 PM
v0mg1uf,2019-10-14,4:57:48 PM,4:57:56 PM
v0mg1uf,2019-10-14,5:11:48 PM,5:12:04 PM
v0mg1uf,2019-10-14,5:18:01 PM,5:18:06 PM
v0mg1uf,2019-10-14,6:04:26 PM,6:08:54 PM
v0mg1uf,2019-10-14,6:08:57 PM,6:37:20 PM
v0mg1uf,2019-10-14,6:52:02 PM,10:02:12 AM
v0mg1uf,2019-10-15,10:02:17 AM,10:04:54 AM
v0mg1uf,2019-10-15,10:04:58 AM,10:05:21 AM
v0mg1uf,2019-10-15,10:43:38 AM,10:49:10 AM
v0mg1uf,2019-10-15,10:49:12 AM,10:49:35 AM
v0mg1uf,2019-10-15,12:17:11 PM,12:17:11 PM
v0mg1uf,2019-10-15,12:17:25 PM,12:48:53 PM
v0mg1uf,2019-10-15,12:50:18 PM,12:51:26 PM
v0mg1uf,2019-10-15,12:51:31 PM,1:17:28 PM
v0mg1uf,2019-10-15,1:17:38 PM,1:18:13 PM
v0mg1uf,2019-10-15,1:18:14 PM,1:18:32 PM
v0mg1uf,2019-10-15,1:19:48 PM,1:19:55 PM
v0mg1uf,2019-10-15,1:22:18 PM,1:22:48 PM
v0mg1uf,2019-10-15,1:23:23 PM,1:23:50 PM
v0mg1uf,2019-10-15,1:28:53 PM,1:30:23 PM
v0mg1uf,2019-10-15,1:39:19 PM,1:39:26 PM
v0mg1uf,2019-10-15,1:40:10 PM,1:40:16 PM
v0mg1uf,2019-10-15,1:40:54 PM,1:42:20 PM
v0mg1uf,2019-10-15,1:43:01 PM,1:43:07 PM
v0mg1uf,2019-10-15,1:44:38 PM,1:47:42 PM
v0mg1uf,2019-10-15,3:16:07 PM,3:16:14 PM
v0mg1uf,2019-10-15,3:16:25 PM,3:21:50 PM
v0mg1uf,2019-10-15,3:32:43 PM,3:33:11 PM
v0mg1uf,2019-10-15,3:33:22 PM,3:36:52 PM
v0mg1uf,2019-10-15,3:37:10 PM,3:38:12 PM
v0mg1uf,2019-10-15,3:38:14 PM,3:39:07 PM
v0mg1uf,2019-10-15,3:39:09 PM,3:39:42 PM
v0mg1uf,2019-10-15,3:39:43 PM,3:55:02 PM
v0mg1uf,2019-10-15,3:55:22 PM,4:00:18 PM
v0mg1uf,2019-10-15,4:00:21 PM,4:03:38 PM
v0mg1uf,2019-10-15,4:05:16 PM,4:06:55 PM
v0mg1uf,2019-10-15,4:07:10 PM,4:07:21 PM
v0mg1uf,2019-10-15,4:07:53 PM,4:11:05 PM
v0mg1uf,2019-10-15,4:11:13 PM,4:13:01 PM
v0mg1uf,2019-10-15,4:13:03 PM,4:14:39 PM
v0mg1uf,2019-10-15,4:14:43 PM,4:19:17 PM
v0mg1uf,2019-10-15,4:19:20 PM,4:19:33 PM
v0mg1uf,2019-10-15,4:19:58 PM,4:21:17 PM
v0mg1uf,2019-10-15,4:22:25 PM,4:23:48 PM
v0mg1uf,2019-10-15,4:23:57 PM,4:24:45 PM
v0mg1uf,2019-10-15,4:24:47 PM,4:25:54 PM
v0mg1uf,2019-10-15,4:25:57 PM,4:26:08 PM
v0mg1uf,2019-10-15,4:26:58 PM,5:33:02 PM
v0mg1uf,2019-10-15,6:12:53 PM,6:14:28 PM
v0mg1uf,2019-10-15,6:18:15 PM,6:18:47 PM
v0mg1uf,2019-10-15,6:21:32 PM,6:23:57 PM
v0mg1uf,2019-10-15,6:24:42 PM,6:25:56 PM
v0mg1uf,2019-10-15,6:28:25 PM,6:29:02 PM
v0mg1uf,2019-10-15,6:31:04 PM,6:32:58 PM
v0mg1uf,2019-10-16,10:02:58 AM,10:03:08 AM
v0mg1uf,2019-10-16,10:03:33 AM,10:11:14 AM
v0mg1uf,2019-10-16,10:11:26 AM,10:13:07 AM
v0mg1uf,2019-10-16,10:13:10 AM,11:09:29 AM
v0mg1uf,2019-10-16,11:09:31 AM,11:17:50 AM
v0mg1uf,2019-10-16,11:17:52 AM,11:27:33 AM
v0mg1uf,2019-10-16,11:27:39 AM,11:28:53 AM
v0mg1uf,2019-10-16,11:28:56 AM,11:30:28 AM
v0mg1uf,2019-10-16,11:30:31 AM,11:31:57 AM
v0mg1uf,2019-10-16,11:32:00 AM,11:32:28 AM
v0mg1uf,2019-10-16,11:33:00 AM,11:38:30 AM
v0mg1uf,2019-10-16,11:38:34 AM,11:39:02 AM
v0mg1uf,2019-10-16,11:40:19 AM,11:40:36 AM
v0mg1uf,2019-10-16,11:44:22 AM,12:12:03 PM
v0mg1uf,2019-10-16,12:13:18 PM,12:14:15 PM
v0mg1uf,2019-10-16,12:16:10 PM,12:19:22 PM
v0mg1uf,2019-10-16,12:19:24 PM,12:25:11 PM
v0mg1uf,2019-10-16,12:25:15 PM,12:28:53 PM
v0mg1uf,2019-10-16,12:28:55 PM,12:32:45 PM
v0mg1uf,2019-10-16,12:32:48 PM,12:36:16 PM
v0mg1uf,2019-10-16,12:36:21 PM,12:37:52 PM
v0mg1uf,2019-10-16,12:39:12 PM,12:47:13 PM
v0mg1uf,2019-10-16,12:47:27 PM,12:49:17 PM
v0mg1uf,2019-10-16,12:49:22 PM,12:49:32 PM
v0mg1uf,2019-10-16,12:53:24 PM,12:55:59 PM
v0mg1uf,2019-10-16,12:56:10 PM,12:57:07 PM
v0mg1uf,2019-10-16,12:58:27 PM,1:02:10 PM
v0mg1uf,2019-10-16,3:09:31 PM,3:24:51 PM
v0mg1uf,2019-10-16,3:24:55 PM,3:27:35 PM
v0mg1uf,2019-10-16,3:27:39 PM,3:30:21 PM
v0mg1uf,2019-10-16,3:30:48 PM,3:33:45 PM
v0mg1uf,2019-10-16,3:33:47 PM,3:35:44 PM
v0mg1uf,2019-10-16,3:35:52 PM,3:36:43 PM
v0mg1uf,2019-10-16,3:42:59 PM,3:44:12 PM
v0mg1uf,2019-10-16,3:44:14 PM,3:45:06 PM
v0mg1uf,2019-10-16,3:45:07 PM,3:46:02 PM
v0mg1uf,2019-10-16,3:46:05 PM,3:47:32 PM
v0mg1uf,2019-10-16,3:47:34 PM,3:48:50 PM
v0mg1uf,2019-10-16,3:49:01 PM,4:01:14 PM
v0mg1uf,2019-10-16,4:01:44 PM,4:01:54 PM
v0mg1uf,2019-10-16,4:02:08 PM,4:03:46 PM
v0mg1uf,2019-10-16,4:03:51 PM,4:10:38 PM
v0mg1uf,2019-10-16,4:11:15 PM,5:29:22 PM
v0mg1uf,2019-10-16,5:29:25 PM,5:53:47 PM
v0mg1uf,2019-10-16,5:53:50 PM,5:59:50 PM
v0mg1uf,2019-10-16,5:59:59 PM,6:00:40 PM
v0mg1uf,2019-10-16,6:00:42 PM,6:04:59 PM
v0mg1uf,2019-10-16,6:05:07 PM,6:08:10 PM
v0mg1uf,2019-10-16,6:08:12 PM,6:09:57 PM
v0mg1uf,2019-10-16,6:10:00 PM,6:20:35 PM
v0mg1uf,2019-10-16,6:20:38 PM,6:24:06 PM
v0mg1uf,2019-10-17,12:56:44 PM,1:02:45 PM
v0mg1uf,2019-10-17,2:50:22 PM,2:52:41 PM
v0mg1uf,2019-10-17,2:52:43 PM,3:15:43 PM
v0mg1uf,2019-10-17,3:16:40 PM,3:25:30 PM
v0mg1uf,2019-10-17,3:26:54 PM,5:06:14 PM
v0mg1uf,2019-10-17,5:11:07 PM,5:17:24 PM
v0mg1uf,2019-10-17,5:17:27 PM,5:21:41 PM
v0mg1uf,2019-10-17,5:21:57 PM,5:25:09 PM
v0mg1uf,2019-10-17,5:25:26 PM,5:28:36 PM
v0mg1uf,2019-10-17,5:31:13 PM,5:43:54 PM
v0mg1uf,2019-10-17,5:44:00 PM,5:47:00 PM
v0mg1uf,2019-10-17,5:47:52 PM,5:52:55 PM
v0mg1uf,2019-10-17,5:52:59 PM,6:00:11 PM
v0mg1uf,2019-10-17,6:00:16 PM,6:13:18 PM
v0mg1uf,2019-10-17,6:13:30 PM,6:33:05 PM
v0mg1uf,2019-10-17,6:33:10 PM,6:38:30 PM
v0mg1uf,2019-10-23,3:31:55 PM,3:33:00 PM
v0mg1uf,2019-11-15,11:51:14 AM,11:51:15 AM
v0mg1uf,2019-11-15,11:51:46 AM,11:52:18 AM
